{
  "train_loss": [
    0.9977852145539218,
    0.5241736183037111,
    0.4578018032605424,
    0.4225296897025348,
    0.3896943568568571,
    0.24017693114531563,
    0.13581591044830746,
    0.09856800034422508,
    0.06985839575097928,
    0.06726637533199901,
    0.0498103880370919,
    0.03582253885315789,
    0.035135954835102845,
    0.03669457399500625,
    0.030572231157027698
  ],
  "val_loss": [
    0.44935586127017735,
    0.3254597942644252,
    0.29058437609325893,
    0.26144855678177803,
    0.24233775396917093,
    0.08699598083203366,
    0.06830726744236969,
    0.050886247276369125,
    0.02828429856357166,
    0.024727447012285905,
    0.025276725965601682,
    0.030455343558878814,
    0.0175121288831603,
    0.017006477808861154,
    0.018466566945045323
  ],
  "train_acc": [
    0.7518344178319258,
    0.8425861830264433,
    0.85546171950713,
    0.863699293922193,
    0.8670912363283954,
    0.9181780423646684,
    0.9514052332825695,
    0.9650422262217915,
    0.975287276754811,
    0.9770870829295306,
    0.9831787345978126,
    0.9861553371175412,
    0.9879551432922609,
    0.9875398034057871,
    0.9881628132354977
  ],
  "val_acc": [
    0.8875605815831987,
    0.909854604200323,
    0.9127625201938611,
    0.9201938610662359,
    0.9218093699515347,
    0.9667205169628433,
    0.9709208400646203,
    0.9783521809369952,
    0.9896607431340873,
    0.989983844911147,
    0.9893376413570275,
    0.9870759289176091,
    0.992891760904685,
    0.992891760904685,
    0.9945072697899838
  ],
  "lr": [
    0.001,
    0.001,
    0.001,
    0.001,
    0.001,
    0.0001,
    0.0001,
    0.0001,
    0.0001,
    0.0001,
    0.0001,
    0.0001,
    0.0001,
    0.0001,
    0.0001
  ],
  "phase_boundary": 5,
  "total_epochs": 15
}